{"initialisation": 

    
    {"iterations": 5000000,
    "number": 2,
    "StartPositions": [[-6,-8.6602540378443864676372317075293618347140262690519031402790348972], [1,-10]],
    "StartVelocities": [[0,0],[0,0]],
    "radii": [1,1],
    "masses": [0.2,0.2],
    "anchors": [[-1,0],[1,0]]},

"system": 

    {"timesteps" :[0.000004],
    "approximations":  ["cromer"],
    "densities": [0]}

}


